model,method,category,total,evaluated,coverage,correct,accuracy
SGNS,add,capital-common-countries,506,462,0.9130434782608695,122,0.26406926406926406
SGNS,add,capital-world,4524,1206,0.26657824933687,245,0.20315091210613598
SGNS,add,currency,866,108,0.12471131639722864,1,0.009259259259259259
SGNS,add,city-in-state,2467,1687,0.6838265099310904,182,0.1078838174273859
SGNS,add,family,506,342,0.6758893280632411,82,0.23976608187134502
SGNS,add,gram1-adjective-to-adverb,992,812,0.8185483870967742,38,0.046798029556650245
SGNS,add,gram2-opposite,812,306,0.3768472906403941,8,0.026143790849673203
SGNS,add,gram3-comparative,1332,1260,0.9459459459459459,221,0.17539682539682538
SGNS,add,gram4-superlative,1122,702,0.6256684491978609,78,0.1111111111111111
SGNS,add,gram5-present-participle,1056,870,0.8238636363636364,186,0.21379310344827587
SGNS,add,gram6-nationality-adjective,1599,1299,0.8123827392120075,778,0.5989222478829869
SGNS,add,gram7-past-tense,1560,1406,0.9012820512820513,536,0.3812233285917496
SGNS,add,gram8-plural,1332,992,0.7447447447447447,235,0.2368951612903226
SGNS,add,gram9-plural-verbs,870,702,0.8068965517241379,135,0.19230769230769232
SGNS,mul,capital-common-countries,506,462,0.9130434782608695,121,0.2619047619047619
SGNS,mul,capital-world,4524,1206,0.26657824933687,211,0.17495854063018243
SGNS,mul,currency,866,108,0.12471131639722864,0,0.0
SGNS,mul,city-in-state,2467,1687,0.6838265099310904,171,0.1013633669235329
SGNS,mul,family,506,342,0.6758893280632411,78,0.22807017543859648
SGNS,mul,gram1-adjective-to-adverb,992,812,0.8185483870967742,31,0.038177339901477834
SGNS,mul,gram2-opposite,812,306,0.3768472906403941,5,0.016339869281045753
SGNS,mul,gram3-comparative,1332,1260,0.9459459459459459,203,0.16111111111111112
SGNS,mul,gram4-superlative,1122,702,0.6256684491978609,78,0.1111111111111111
SGNS,mul,gram5-present-participle,1056,870,0.8238636363636364,125,0.14367816091954022
SGNS,mul,gram6-nationality-adjective,1599,1299,0.8123827392120075,711,0.5473441108545035
SGNS,mul,gram7-past-tense,1560,1406,0.9012820512820513,417,0.29658605974395447
SGNS,mul,gram8-plural,1332,992,0.7447447447447447,191,0.19254032258064516
SGNS,mul,gram9-plural-verbs,870,702,0.8068965517241379,109,0.15527065527065528
gensim,add,capital-common-countries,506,462,0.9130434782608695,119,0.25757575757575757
gensim,add,capital-world,4524,1206,0.26657824933687,217,0.1799336650082919
gensim,add,currency,866,108,0.12471131639722864,1,0.009259259259259259
gensim,add,city-in-state,2467,1687,0.6838265099310904,153,0.0906935388263189
gensim,add,family,506,342,0.6758893280632411,66,0.19298245614035087
gensim,add,gram1-adjective-to-adverb,992,812,0.8185483870967742,43,0.05295566502463054
gensim,add,gram2-opposite,812,306,0.3768472906403941,14,0.0457516339869281
gensim,add,gram3-comparative,1332,1260,0.9459459459459459,262,0.20793650793650795
gensim,add,gram4-superlative,1122,702,0.6256684491978609,81,0.11538461538461539
gensim,add,gram5-present-participle,1056,870,0.8238636363636364,191,0.21954022988505748
gensim,add,gram6-nationality-adjective,1599,1299,0.8123827392120075,690,0.5311778290993071
gensim,add,gram7-past-tense,1560,1406,0.9012820512820513,470,0.33428165007112376
gensim,add,gram8-plural,1332,992,0.7447447447447447,292,0.29435483870967744
gensim,add,gram9-plural-verbs,870,702,0.8068965517241379,123,0.1752136752136752
gensim,mul,capital-common-countries,506,462,0.9130434782608695,115,0.24891774891774893
gensim,mul,capital-world,4524,1206,0.26657824933687,202,0.16749585406301823
gensim,mul,currency,866,108,0.12471131639722864,0,0.0
gensim,mul,city-in-state,2467,1687,0.6838265099310904,143,0.08476585655008892
gensim,mul,family,506,342,0.6758893280632411,58,0.1695906432748538
gensim,mul,gram1-adjective-to-adverb,992,812,0.8185483870967742,29,0.03571428571428571
gensim,mul,gram2-opposite,812,306,0.3768472906403941,6,0.0196078431372549
gensim,mul,gram3-comparative,1332,1260,0.9459459459459459,221,0.17539682539682538
gensim,mul,gram4-superlative,1122,702,0.6256684491978609,71,0.10113960113960115
gensim,mul,gram5-present-participle,1056,870,0.8238636363636364,141,0.16206896551724137
gensim,mul,gram6-nationality-adjective,1599,1299,0.8123827392120075,617,0.4749807544264819
gensim,mul,gram7-past-tense,1560,1406,0.9012820512820513,360,0.25604551920341395
gensim,mul,gram8-plural,1332,992,0.7447447447447447,225,0.22681451612903225
gensim,mul,gram9-plural-verbs,870,702,0.8068965517241379,99,0.14102564102564102
GloVe,add,capital-common-countries,506,462,0.9130434782608695,434,0.9393939393939394
GloVe,add,capital-world,4524,1206,0.26657824933687,1077,0.8930348258706468
GloVe,add,currency,866,108,0.12471131639722864,5,0.046296296296296294
GloVe,add,city-in-state,2467,1687,0.6838265099310904,517,0.3064611736810907
GloVe,add,family,506,342,0.6758893280632411,302,0.8830409356725146
GloVe,add,gram1-adjective-to-adverb,992,812,0.8185483870967742,226,0.27832512315270935
GloVe,add,gram2-opposite,812,306,0.3768472906403941,86,0.28104575163398693
GloVe,add,gram3-comparative,1332,1260,0.9459459459459459,1013,0.803968253968254
GloVe,add,gram4-superlative,1122,702,0.6256684491978609,430,0.6125356125356125
GloVe,add,gram5-present-participle,1056,870,0.8238636363636364,637,0.732183908045977
GloVe,add,gram6-nationality-adjective,1599,1299,0.8123827392120075,1265,0.9738260200153964
GloVe,add,gram7-past-tense,1560,1406,0.9012820512820513,809,0.5753911806543386
GloVe,add,gram8-plural,1332,992,0.7447447447447447,786,0.7923387096774194
GloVe,add,gram9-plural-verbs,870,702,0.8068965517241379,406,0.5783475783475783
GloVe,mul,capital-common-countries,506,462,0.9130434782608695,425,0.9199134199134199
GloVe,mul,capital-world,4524,1206,0.26657824933687,1049,0.8698175787728026
GloVe,mul,currency,866,108,0.12471131639722864,5,0.046296296296296294
GloVe,mul,city-in-state,2467,1687,0.6838265099310904,459,0.2720806164789567
GloVe,mul,family,506,342,0.6758893280632411,299,0.8742690058479532
GloVe,mul,gram1-adjective-to-adverb,992,812,0.8185483870967742,227,0.27955665024630544
GloVe,mul,gram2-opposite,812,306,0.3768472906403941,75,0.24509803921568626
GloVe,mul,gram3-comparative,1332,1260,0.9459459459459459,982,0.7793650793650794
GloVe,mul,gram4-superlative,1122,702,0.6256684491978609,433,0.6168091168091168
GloVe,mul,gram5-present-participle,1056,870,0.8238636363636364,628,0.7218390804597701
GloVe,mul,gram6-nationality-adjective,1599,1299,0.8123827392120075,1245,0.9584295612009238
GloVe,mul,gram7-past-tense,1560,1406,0.9012820512820513,773,0.5497866287339972
GloVe,mul,gram8-plural,1332,992,0.7447447447447447,748,0.7540322580645161
GloVe,mul,gram9-plural-verbs,870,702,0.8068965517241379,420,0.5982905982905983
