model,type,a,b,c,expected,without_exclusion,expected_cosine,top5,expected_rank,matches_gensim,difference_cosine,relative_residual
SGNS,genero,man,woman,king,queen,"[['king', 0.7234075665473938], ['consort', 0.7051764726638794], ['marriage', 0.6880382299423218], ['childless', 0.6849664449691772], ['sibyl', 0.6821231842041016]]",0.6386157274246216,"[['consort', 0.7051764726638794], ['marriage', 0.6880382299423218], ['childless', 0.6849664449691772], ['sibyl', 0.6821231842041016], ['violante', 0.6667181849479675]]",28,True,0.34814611077308655,0.5712158679962158
SGNS,genero,boy,girl,brother,sister,"[['brother', 0.7665119171142578], ['wed', 0.7380378842353821], ['fathered', 0.7110214233398438], ['widowed', 0.6987758874893188], ['uncles', 0.6950841546058655]]",0.5259056687355042,"[['wed', 0.7380378842353821], ['fathered', 0.7110214233398438], ['widowed', 0.6987758874893188], ['uncles', 0.6950841546058655], ['wedlock', 0.6925019025802612]]",787,True,0.11603807657957077,0.6658072471618652
SGNS,genero,father,mother,son,daughter,"[['mother', 0.8538044691085815], ['son', 0.7974047064781189], ['daughter', 0.7941516637802124], ['fathered', 0.7484341263771057], ['grandmother', 0.7481063604354858]]",0.7941516637802124,"[['daughter', 0.7941516637802124], ['fathered', 0.7484341263771057], ['grandmother', 0.7481063604354858], ['cousins', 0.7409924268722534], ['niece', 0.7383625507354736]]",1,True,0.4274464249610901,0.5350826978683472
SGNS,capital,france,paris,germany,berlin,"[['berlin', 0.8144534826278687], ['vienna', 0.7567140460014343], ['paris', 0.7453516125679016], ['germany', 0.7351027727127075], ['prague', 0.707609236240387]]",0.8144534826278687,"[['berlin', 0.8144534826278687], ['vienna', 0.7567140460014343], ['prague', 0.707609236240387], ['munich', 0.7067631483078003], ['budapest', 0.6934975385665894]]",1,True,0.654170036315918,0.4169621169567108
SGNS,capital,italy,rome,japan,tokyo,"[['japan', 0.6947208642959595], ['ryse', 0.6601597666740417], ['empires', 0.6508101224899292], ['realms', 0.6391615271568298], ['psp', 0.6375248432159424]]",0.5845799446105957,"[['ryse', 0.6601597666740417], ['empires', 0.6508101224899292], ['realms', 0.6391615271568298], ['psp', 0.6375248432159424], ['vita', 0.6349048018455505]]",33,True,0.2730076014995575,0.60353684425354
SGNS,capital,spain,madrid,england,london,"[['burnley', 0.7668814659118652], ['gillingham', 0.7654281258583069], ['wrexham', 0.7633183002471924], ['anfield', 0.7626076936721802], ['tranmere', 0.7608060836791992]]",0.43679672479629517,"[['burnley', 0.7668814659118652], ['gillingham', 0.7654281258583069], ['wrexham', 0.7633183002471924], ['anfield', 0.7626076936721802], ['tranmere', 0.7608060836791992]]",1454,True,0.21872885525226593,0.6261260509490967
SGNS,gentilicio,france,french,germany,german,"[['german', 0.7775048017501831], ['russian', 0.7654924392700195], ['french', 0.7241911888122559], ['austrian', 0.7041552066802979], ['russians', 0.6950137615203857]]",0.7775048017501831,"[['german', 0.7775048017501831], ['russian', 0.7654924392700195], ['austrian', 0.7041552066802979], ['russians', 0.6950137615203857], ['bolsheviks', 0.6896018981933594]]",1,True,0.6456635594367981,0.420968621969223
SGNS,gentilicio,japan,japanese,china,chinese,"[['chinese', 0.818138837814331], ['china', 0.7484347820281982], ['japanese', 0.6479308605194092], ['sino', 0.6429059505462646], ['java', 0.6285897493362427]]",0.818138837814331,"[['chinese', 0.818138837814331], ['sino', 0.6429059505462646], ['java', 0.6285897493362427], ['chiang', 0.6080536842346191], ['kuomintang', 0.5994144678115845]]",1,True,0.6245377659797668,0.43340277671813965
SGNS,gentilicio,italy,italian,spain,spanish,"[['italian', 0.7978676557540894], ['spanish', 0.7942861914634705], ['portuguese', 0.7224534749984741], ['argentine', 0.7178353071212769], ['franco', 0.714600145816803]]",0.7942861914634705,"[['spanish', 0.7942861914634705], ['portuguese', 0.7224534749984741], ['argentine', 0.7178353071212769], ['franco', 0.714600145816803], ['espa', 0.6949516534805298]]",1,True,0.6632229089736938,0.4108949899673462
SGNS,comparativo,good,better,bad,worse,"[['better', 0.7369165420532227], ['bad', 0.729798436164856], ['deviated', 0.6376618146896362], ['weren', 0.6281055212020874], ['deemed', 0.6180931329727173]]",0.5511386394500732,"[['deviated', 0.6376618146896362], ['weren', 0.6281055212020874], ['deemed', 0.6180931329727173], ['aren', 0.615933895111084], ['totally', 0.6155552268028259]]",93,True,0.3030133843421936,0.5977175235748291
SGNS,comparativo,small,smaller,large,larger,"[['smaller', 0.8557093143463135], ['large', 0.7769978046417236], ['larger', 0.7535430192947388], ['size', 0.697371244430542], ['sizes', 0.6891132593154907]]",0.7535430192947388,"[['larger', 0.7535430192947388], ['size', 0.697371244430542], ['sizes', 0.6891132593154907], ['cranes', 0.6203031539916992], ['smallest', 0.6105147004127502]]",1,True,0.4658675193786621,0.5178011059761047
SGNS,comparativo,fast,faster,slow,slower,"[['faster', 0.8062900900840759], ['slower', 0.7554188966751099], ['slow', 0.7379278540611267], ['slowing', 0.702073335647583], ['slowed', 0.678547739982605]]",0.7554188966751099,"[['slower', 0.7554188966751099], ['slowing', 0.702073335647583], ['slowed', 0.678547739982605], ['overheating', 0.6741552352905273], ['turbulence', 0.6709072589874268]]",1,True,0.5204211473464966,0.49080756306648254
SGNS,superlativo,small,smallest,large,largest,"[['smallest', 0.8547687530517578], ['size', 0.7033575773239136], ['constituting', 0.6888705492019653], ['largest', 0.6715410351753235], ['spelea', 0.6669085025787354]]",0.6715410351753235,"[['size', 0.7033575773239136], ['constituting', 0.6888705492019653], ['largest', 0.6715410351753235], ['spelea', 0.6669085025787354], ['sizes', 0.6638698577880859]]",3,True,0.4995712637901306,0.5003121495246887
SGNS,superlativo,good,best,bad,worst,"[['best', 0.7670308351516724], ['awards', 0.7368649244308472], ['grammys', 0.6716893911361694], ['brit', 0.6704486608505249], ['muchmusic', 0.6699422597885132]]",0.48421967029571533,"[['awards', 0.7368649244308472], ['grammys', 0.6716893911361694], ['brit', 0.6704486608505249], ['muchmusic', 0.6699422597885132], ['nominated', 0.6681402921676636]]",895,True,0.32739418745040894,0.5801387429237366
SGNS,superlativo,high,highest,low,lowest,"[['highest', 0.7399678230285645], ['lowest', 0.6513933539390564], ['fluctuated', 0.6190624833106995], ['low', 0.6006737351417542], ['grosses', 0.5921618938446045]]",0.6513933539390564,"[['lowest', 0.6513933539390564], ['fluctuated', 0.6190624833106995], ['grosses', 0.5921618938446045], ['lows', 0.5863169431686401], ['245', 0.5576532483100891]]",1,True,0.5533876419067383,0.4767734706401825
SGNS,pasado,run,ran,swim,swam,"[['swim', 0.7698462009429932], ['swimming', 0.6466018557548523], ['swam', 0.6309370994567871], ['swimmers', 0.6173944473266602], ['surfing', 0.5625138282775879]]",0.6309370994567871,"[['swimming', 0.6466018557548523], ['swam', 0.6309370994567871], ['swimmers', 0.6173944473266602], ['surfing', 0.5625138282775879], ['swimmer', 0.5520095825195312]]",2,True,0.1564144641160965,0.6494652032852173
SGNS,pasado,go,went,see,saw,"[['went', 0.7370022535324097], ['see', 0.6855746507644653], ['in', 0.6018849611282349], ['the', 0.5978448390960693], ['put', 0.5723766088485718]]",0.5576151609420776,"[['in', 0.6018849611282349], ['the', 0.5978448390960693], ['put', 0.5723766088485718], ['time', 0.5674890875816345], ['twice', 0.5644217729568481]]",8,True,0.4660097360610962,0.5197332501411438
SGNS,pasado,walk,walked,play,played,"[['play', 0.758017361164093], ['voce', 0.6558533310890198], ['playing', 0.6335291862487793], ['kicking', 0.6240227818489075], ['mccabe', 0.617355227470398]]",0.6136751174926758,"[['voce', 0.6558533310890198], ['playing', 0.6335291862487793], ['kicking', 0.6240227818489075], ['mccabe', 0.617355227470398], ['booed', 0.6159262657165527]]",6,True,0.1597086787223816,0.6485520005226135
SGNS,plural,cat,cats,dog,dogs,"[['cats', 0.8057350516319275], ['foxes', 0.790217936038971], ['dogs', 0.7802509069442749], ['feral', 0.7558301091194153], ['hunted', 0.7557058334350586]]",0.7802509069442749,"[['foxes', 0.790217936038971], ['dogs', 0.7802509069442749], ['feral', 0.7558301091194153], ['hunted', 0.7557058334350586], ['terriers', 0.7541649341583252]]",2,True,0.48081111907958984,0.5345602035522461
SGNS,plural,car,cars,book,books,"[['book', 0.8734450340270996], ['books', 0.7849146127700806], ['essays', 0.7407830953598022], ['reprinted', 0.7263284921646118], ['readership', 0.7187768220901489]]",0.7849146127700806,"[['books', 0.7849146127700806], ['essays', 0.7407830953598022], ['reprinted', 0.7263284921646118], ['readership', 0.7187768220901489], ['preface', 0.7072904706001282]]",1,True,0.1490079164505005,0.6622676253318787
SGNS,plural,child,children,man,men,"[['man', 0.7671438455581665], ['racket', 0.5105867981910706], ['monsters', 0.477295845746994], ['mr', 0.47445061802864075], ['fowl', 0.47151118516921997]]",0.33686667680740356,"[['racket', 0.5105867981910706], ['monsters', 0.477295845746994], ['mr', 0.47445061802864075], ['fowl', 0.47151118516921997], ['newby', 0.4673651456832886]]",1997,True,0.18965569138526917,0.6503323316574097
gensim,genero,man,woman,king,queen,"[['king', 0.7126541137695312], ['marriage', 0.6817952394485474], ['consort', 0.6589519381523132], ['regent', 0.6448789834976196], ['childless', 0.6441709995269775]]",0.6068953275680542,"[['marriage', 0.6817952394485474], ['consort', 0.6589519381523132], ['regent', 0.6448789834976196], ['childless', 0.6441709995269775], ['duchess', 0.6410714387893677]]",39,True,0.2809719443321228,0.5996138453483582
gensim,genero,boy,girl,brother,sister,"[['brother', 0.7409980297088623], ['fathered', 0.7394896745681763], ['cousin', 0.7126181125640869], ['daughter', 0.7098795175552368], ['wed', 0.7014313340187073]]",0.5600565671920776,"[['fathered', 0.7394896745681763], ['cousin', 0.7126181125640869], ['daughter', 0.7098795175552368], ['wed', 0.7014313340187073], ['judith', 0.6994190216064453]]",298,True,0.24393583834171295,0.6161138415336609
gensim,genero,father,mother,son,daughter,"[['mother', 0.8577408790588379], ['son', 0.8339000940322876], ['daughter', 0.798553466796875], ['stillborn', 0.7842562198638916], ['wife', 0.7776839733123779]]",0.798553466796875,"[['daughter', 0.798553466796875], ['stillborn', 0.7842562198638916], ['wife', 0.7776839733123779], ['widowed', 0.7419300079345703], ['fathered', 0.7385693788528442]]",1,True,0.3408302366733551,0.5743185877799988
gensim,capital,france,paris,germany,berlin,"[['berlin', 0.8266746997833252], ['germany', 0.7284338474273682], ['moscow', 0.7239640355110168], ['paris', 0.7234933376312256], ['riefenstahl', 0.709423303604126]]",0.8266746997833252,"[['berlin', 0.8266746997833252], ['moscow', 0.7239640355110168], ['riefenstahl', 0.709423303604126], ['vienna', 0.7052837610244751], ['munich', 0.6911774277687073]]",1,True,0.6588364839553833,0.41303813457489014
gensim,capital,italy,rome,japan,tokyo,"[['ryse', 0.671877920627594], ['japan', 0.6705024242401123], ['playstation', 0.6469999551773071], ['capcom', 0.6389294862747192], ['nintendo', 0.635017454624176]]",0.5319863557815552,"[['ryse', 0.671877920627594], ['playstation', 0.6469999551773071], ['capcom', 0.6389294862747192], ['nintendo', 0.635017454624176], ['empires', 0.630029022693634]]",141,True,0.19207033514976501,0.6373700499534607
gensim,capital,spain,madrid,england,london,"[['fixture', 0.7626079320907593], ['stoke', 0.7613966464996338], ['trafford', 0.7606431245803833], ['aston', 0.7586503028869629], ['gillingham', 0.742713212966919]]",0.449566125869751,"[['fixture', 0.7626079320907593], ['stoke', 0.7613966464996338], ['trafford', 0.7606431245803833], ['aston', 0.7586503028869629], ['gillingham', 0.742713212966919]]",1068,True,0.16393983364105225,0.6471866369247437
gensim,gentilicio,france,french,germany,german,"[['german', 0.7561564445495605], ['russian', 0.7282375693321228], ['french', 0.6946671009063721], ['germany', 0.6837977766990662], ['austrian', 0.6696510314941406]]",0.7561564445495605,"[['german', 0.7561564445495605], ['russian', 0.7282375693321228], ['austrian', 0.6696510314941406], ['italian', 0.6565947532653809], ['bolsheviks', 0.6338049173355103]]",1,True,0.5793145895004272,0.4597989320755005
gensim,gentilicio,japan,japanese,china,chinese,"[['chinese', 0.7775830030441284], ['china', 0.7047099471092224], ['japanese', 0.6822227835655212], ['java', 0.6627517342567444], ['nanking', 0.5856193900108337]]",0.7775830030441284,"[['chinese', 0.7775830030441284], ['java', 0.6627517342567444], ['nanking', 0.5856193900108337], ['sino', 0.5835254192352295], ['korean', 0.5775904059410095]]",1,True,0.5683474540710449,0.4677661955356598
gensim,gentilicio,italy,italian,spain,spanish,"[['italian', 0.8237107992172241], ['spanish', 0.7519546747207642], ['espa', 0.7421914339065552], ['portuguese', 0.6977062225341797], ['vasco', 0.6970516443252563]]",0.7519546747207642,"[['spanish', 0.7519546747207642], ['espa', 0.7421914339065552], ['portuguese', 0.6977062225341797], ['vasco', 0.6970516443252563], ['lix', 0.6953877806663513]]",1,True,0.6470023989677429,0.4204249680042267
gensim,comparativo,good,better,bad,worse,"[['better', 0.7333896160125732], ['bad', 0.7187108993530273], ['bigger', 0.617207944393158], ['wanting', 0.5722014307975769], ['bets', 0.5513013601303101]]",0.5167505145072937,"[['bigger', 0.617207944393158], ['wanting', 0.5722014307975769], ['bets', 0.5513013601303101], ['get', 0.5433622002601624], ['stupid', 0.540786862373352]]",16,True,0.2192513644695282,0.625881016254425
gensim,comparativo,small,smaller,large,larger,"[['smaller', 0.8441600203514099], ['large', 0.775867223739624], ['larger', 0.7353776693344116], ['size', 0.7108289003372192], ['sizes', 0.6266251802444458]]",0.7353776693344116,"[['larger', 0.7353776693344116], ['size', 0.7108289003372192], ['sizes', 0.6266251802444458], ['relatively', 0.6047698259353638], ['scaled', 0.5976793766021729]]",1,True,0.4424024522304535,0.5280673503875732
gensim,comparativo,fast,faster,slow,slower,"[['faster', 0.7477191090583801], ['slow', 0.7156068682670593], ['slowing', 0.7095589637756348], ['slower', 0.6904008388519287], ['elapsed', 0.6368502974510193]]",0.6904008388519287,"[['slowing', 0.7095589637756348], ['slower', 0.6904008388519287], ['elapsed', 0.6368502974510193], ['weaker', 0.628278374671936], ['slowed', 0.6255114078521729]]",2,True,0.5028122663497925,0.49878859519958496
gensim,superlativo,small,smallest,large,largest,"[['smallest', 0.8399326801300049], ['size', 0.6873061656951904], ['fatalis', 0.6568720936775208], ['diplodocus', 0.6515567302703857], ['spelea', 0.6485311388969421]]",0.5505976676940918,"[['size', 0.6873061656951904], ['fatalis', 0.6568720936775208], ['diplodocus', 0.6515567302703857], ['spelea', 0.6485311388969421], ['gracilis', 0.6389405727386475]]",252,True,0.42331695556640625,0.5382705330848694
gensim,superlativo,good,best,bad,worst,"[['best', 0.7846306562423706], ['awards', 0.7166591882705688], ['gma', 0.6923857927322388], ['brit', 0.677149772644043], ['jop', 0.6676134467124939]]",0.47211048007011414,"[['awards', 0.7166591882705688], ['gma', 0.6923857927322388], ['brit', 0.677149772644043], ['jop', 0.6676134467124939], ['muchmusic', 0.6657984852790833]]",695,True,0.28296154737472534,0.5996540188789368
gensim,superlativo,high,highest,low,lowest,"[['highest', 0.7026011347770691], ['lowest', 0.6540889143943787], ['fluctuated', 0.6279566287994385], ['decrease', 0.6121446490287781], ['aggregated', 0.6086456775665283]]",0.6540889143943787,"[['lowest', 0.6540889143943787], ['fluctuated', 0.6279566287994385], ['decrease', 0.6121446490287781], ['aggregated', 0.6086456775665283], ['grosses', 0.6062919497489929]]",1,True,0.6150367259979248,0.4400545358657837
gensim,pasado,run,ran,swim,swam,"[['swim', 0.7540695071220398], ['swimming', 0.6749235987663269], ['swam', 0.6481389999389648], ['swimmers', 0.6308302879333496], ['swimmer', 0.6147546768188477]]",0.6481389999389648,"[['swimming', 0.6749235987663269], ['swam', 0.6481389999389648], ['swimmers', 0.6308302879333496], ['swimmer', 0.6147546768188477], ['sledge', 0.5805074572563171]]",2,True,0.2254168838262558,0.6224099397659302
gensim,pasado,go,went,see,saw,"[['went', 0.7718576192855835], ['came', 0.6652635335922241], ['see', 0.6585438251495361], ['saw', 0.5537062883377075], ['took', 0.5510247945785522]]",0.5537062883377075,"[['came', 0.6652635335922241], ['saw', 0.5537062883377075], ['took', 0.5510247945785522], ['seemed', 0.5315749049186707], ['gasp', 0.5228448510169983]]",2,True,0.47053906321525574,0.5174358487129211
gensim,pasado,walk,walked,play,played,"[['play', 0.7415643930435181], ['playing', 0.6556846499443054], ['voce', 0.6531027555465698], ['dudek', 0.6344902515411377], ['booed', 0.628365159034729]]",0.6179805994033813,"[['playing', 0.6556846499443054], ['voce', 0.6531027555465698], ['dudek', 0.6344902515411377], ['booed', 0.628365159034729], ['jenkyns', 0.6261903643608093]]",8,True,0.18092137575149536,0.6426360011100769
gensim,plural,cat,cats,dog,dogs,"[['cats', 0.8326271772384644], ['foxes', 0.7609750628471375], ['hunted', 0.7502063512802124], ['feral', 0.7274951934814453], ['pets', 0.722143828868866]]",0.7102688550949097,"[['foxes', 0.7609750628471375], ['hunted', 0.7502063512802124], ['feral', 0.7274951934814453], ['pets', 0.722143828868866], ['hyenas', 0.7205699682235718]]",8,True,0.38932564854621887,0.5665172338485718
gensim,plural,car,cars,book,books,"[['book', 0.8679425716400146], ['books', 0.7751107215881348], ['anthologies', 0.7719374895095825], ['editions', 0.7605428695678711], ['reprinted', 0.7601259350776672]]",0.7751107215881348,"[['books', 0.7751107215881348], ['anthologies', 0.7719374895095825], ['editions', 0.7605428695678711], ['reprinted', 0.7601259350776672], ['printings', 0.7459956407546997]]",1,True,0.21025796234607697,0.629334568977356
gensim,plural,child,children,man,men,"[['man', 0.780422568321228], ['doc', 0.5554689168930054], ['colt', 0.5482945442199707], ['heroes', 0.5433849096298218], ['dietz', 0.5368165373802185]]",0.4543892741203308,"[['doc', 0.5554689168930054], ['colt', 0.5482945442199707], ['heroes', 0.5433849096298218], ['dietz', 0.5368165373802185], ['myron', 0.5333551168441772]]",461,True,0.3593582808971405,0.5865588784217834
GloVe,genero,man,woman,king,queen,"[['king', 0.8360679745674133], ['queen', 0.7698540687561035], ['monarch', 0.6843380928039551], ['throne', 0.6755735874176025], ['daughter', 0.6594556570053101]]",0.7698540687561035,"[['queen', 0.7698540687561035], ['monarch', 0.6843380928039551], ['throne', 0.6755735874176025], ['daughter', 0.6594556570053101], ['princess', 0.6520532965660095]]",1,True,0.4509960412979126,0.5338008999824524
GloVe,genero,boy,girl,brother,sister,"[['brother', 0.9152929782867432], ['daughter', 0.8896641731262207], ['wife', 0.8840446472167969], ['father', 0.876602053642273], ['cousin', 0.8665470480918884]]",0.8404760360717773,"[['daughter', 0.8896641731262207], ['wife', 0.8840446472167969], ['father', 0.876602053642273], ['cousin', 0.8665470480918884], ['son', 0.8636597394943237]]",6,True,0.6390542984008789,0.48537677526474
GloVe,genero,father,mother,son,daughter,"[['daughter', 0.9525263905525208], ['mother', 0.9224925637245178], ['wife', 0.8872843384742737], ['son', 0.8628857135772705], ['sister', 0.8434264063835144]]",0.9525263905525208,"[['daughter', 0.9525263905525208], ['wife', 0.8872843384742737], ['sister', 0.8434264063835144], ['niece', 0.8197184801101685], ['husband', 0.8192030191421509]]",1,True,0.823345422744751,0.29775750637054443
GloVe,capital,france,paris,germany,berlin,"[['berlin', 0.8846380710601807], ['frankfurt', 0.7985544204711914], ['vienna', 0.76759934425354], ['munich', 0.7542588710784912], ['germany', 0.7539961934089661]]",0.8846380710601807,"[['berlin', 0.8846380710601807], ['frankfurt', 0.7985544204711914], ['vienna', 0.76759934425354], ['munich', 0.7542588710784912], ['hamburg', 0.718237042427063]]",1,True,0.782346248626709,0.3300178349018097
GloVe,capital,italy,rome,japan,tokyo,"[['tokyo', 0.7762304544448853], ['japan', 0.6721633076667786], ['beijing', 0.6690279245376587], ['seoul', 0.6478397846221924], ['osaka', 0.6367850303649902]]",0.7762304544448853,"[['tokyo', 0.7762304544448853], ['beijing', 0.6690279245376587], ['seoul', 0.6478397846221924], ['osaka', 0.6367850303649902], ['moscow', 0.616970956325531]]",1,True,0.6324335336685181,0.4304507374763489
GloVe,capital,spain,madrid,england,london,"[['manchester', 0.8262482285499573], ['leeds', 0.8183410167694092], ['newcastle', 0.7922090291976929], ['birmingham', 0.7816604375839233], ['liverpool', 0.7790689468383789]]",0.6598688960075378,"[['manchester', 0.8262482285499573], ['leeds', 0.8183410167694092], ['newcastle', 0.7922090291976929], ['birmingham', 0.7816604375839233], ['liverpool', 0.7790689468383789]]",16,True,0.3889666199684143,0.5559495687484741
GloVe,gentilicio,france,french,germany,german,"[['german', 0.9596726894378662], ['germany', 0.7963168621063232], ['austrian', 0.7773436307907104], ['swiss', 0.7663086652755737], ['swedish', 0.7341679930686951]]",0.9596726894378662,"[['german', 0.9596726894378662], ['austrian', 0.7773436307907104], ['swiss', 0.7663086652755737], ['swedish', 0.7341679930686951], ['polish', 0.725985050201416]]",1,True,0.9025713205337524,0.221979022026062
GloVe,gentilicio,japan,japanese,china,chinese,"[['chinese', 0.9533727169036865], ['china', 0.8064448833465576], ['taiwanese', 0.7891280055046082], ['japanese', 0.7454280853271484], ['mainland', 0.7397265434265137]]",0.9533727169036865,"[['chinese', 0.9533727169036865], ['taiwanese', 0.7891280055046082], ['mainland', 0.7397265434265137], ['vietnamese', 0.7387635707855225], ['korean', 0.7252402305603027]]",1,True,0.8742148876190186,0.25228846073150635
GloVe,gentilicio,italy,italian,spain,spanish,"[['spanish', 0.9227449893951416], ['italian', 0.784345805644989], ['spain', 0.7673549652099609], ['french', 0.753253161907196], ['argentine', 0.7234350442886353]]",0.9227449893951416,"[['spanish', 0.9227449893951416], ['french', 0.753253161907196], ['argentine', 0.7234350442886353], ['portuguese', 0.7121980786323547], ['mexican', 0.7073920965194702]]",1,True,0.8400325775146484,0.2834551930427551
GloVe,comparativo,good,better,bad,worse,"[['bad', 0.8963202238082886], ['worse', 0.8442931175231934], ['better', 0.7766090631484985], ['too', 0.7491365075111389], ['even', 0.7305891513824463]]",0.8442931175231934,"[['worse', 0.8442931175231934], ['too', 0.7491365075111389], ['even', 0.7305891513824463], ['getting', 0.7304456830024719], ['because', 0.7298996448516846]]",1,True,0.5262777805328369,0.5010520815849304
GloVe,comparativo,small,smaller,large,larger,"[['smaller', 0.93807053565979], ['larger', 0.9100971221923828], ['large', 0.8411078453063965], ['bigger', 0.7412159442901611], ['small', 0.7258169651031494]]",0.9100971221923828,"[['larger', 0.9100971221923828], ['bigger', 0.7412159442901611], ['huge', 0.665852427482605], ['size', 0.6583970785140991], ['significant', 0.6451108455657959]]",1,True,0.6942805051803589,0.39290937781333923
GloVe,comparativo,fast,faster,slow,slower,"[['faster', 0.834179699420929], ['slower', 0.8117425441741943], ['slow', 0.7954511642456055], ['slowed', 0.7317957878112793], ['slowing', 0.7269871234893799]]",0.8117425441741943,"[['slower', 0.8117425441741943], ['slowed', 0.7317957878112793], ['slowing', 0.7269871234893799], ['quicker', 0.690546989440918], ['accelerated', 0.6682286262512207]]",1,True,0.5367572903633118,0.48141777515411377
GloVe,superlativo,small,smallest,large,largest,"[['smallest', 0.9393439292907715], ['largest', 0.696491003036499], ['larger', 0.6811785101890564], ['proportion', 0.656102180480957], ['fraction', 0.6329450011253357]]",0.696491003036499,"[['largest', 0.696491003036499], ['larger', 0.6811785101890564], ['proportion', 0.656102180480957], ['fraction', 0.6329450011253357], ['size', 0.6277497410774231]]",1,True,0.5432658791542053,0.4786350429058075
GloVe,superlativo,good,best,bad,worst,"[['bad', 0.8092379570007324], ['best', 0.774955153465271], ['worst', 0.6984837055206299], ['movie', 0.667366087436676], ['big', 0.6651422381401062]]",0.6984837055206299,"[['worst', 0.6984837055206299], ['movie', 0.667366087436676], ['big', 0.6651422381401062], ['ever', 0.6568705439567566], ['film', 0.6381846070289612]]",1,True,0.432536780834198,0.5437201857566833
GloVe,superlativo,high,highest,low,lowest,"[['lowest', 0.8547129034996033], ['highest', 0.8459634184837341], ['low', 0.7247586846351624], ['average', 0.6902095675468445], ['percentage', 0.6769610643386841]]",0.8547129034996033,"[['lowest', 0.8547129034996033], ['average', 0.6902095675468445], ['percentage', 0.6769610643386841], ['higher', 0.6685365438461304], ['below', 0.6560141444206238]]",1,True,0.7277966737747192,0.36927250027656555
GloVe,pasado,run,ran,swim,swam,"[['swim', 0.8207092881202698], ['swam', 0.7187472581863403], ['swimming', 0.6399335265159607], ['ran', 0.5614020824432373], ['rowed', 0.5415298938751221]]",0.7187472581863403,"[['swam', 0.7187472581863403], ['swimming', 0.6399335265159607], ['rowed', 0.5415298938751221], ['overboard', 0.5412135720252991], ['rowing', 0.5398244857788086]]",1,True,0.35352158546447754,0.5711588859558105
GloVe,pasado,go,went,see,saw,"[['saw', 0.8555887341499329], ['came', 0.8108015060424805], ['went', 0.805586040019989], ['when', 0.7881167531013489], ['later', 0.7850238084793091]]",0.8555887341499329,"[['saw', 0.8555887341499329], ['came', 0.8108015060424805], ['when', 0.7881167531013489], ['later', 0.7850238084793091], ['turned', 0.7803882360458374]]",1,True,0.7315158843994141,0.36788421869277954
GloVe,pasado,walk,walked,play,played,"[['played', 0.7959973812103271], ['play', 0.774466872215271], ['playing', 0.7550231218338013], ['game', 0.6960524916648865], ['plays', 0.6738983392715454]]",0.7959973812103271,"[['played', 0.7959973812103271], ['playing', 0.7550231218338013], ['game', 0.6960524916648865], ['plays', 0.6738983392715454], ['players', 0.6721627712249756]]",1,True,0.4348594546318054,0.5367507934570312
GloVe,plural,cat,cats,dog,dogs,"[['cats', 0.8843896985054016], ['dogs', 0.8747848868370056], ['animals', 0.7490843534469604], ['dog', 0.7418006062507629], ['pets', 0.7353289127349854]]",0.8747848868370056,"[['dogs', 0.8747848868370056], ['animals', 0.7490843534469604], ['pets', 0.7353289127349854], ['cows', 0.6860353946685791], ['pigs', 0.6737219095230103]]",1,True,0.7201406955718994,0.3788152039051056
GloVe,plural,car,cars,book,books,"[['books', 0.8557143807411194], ['book', 0.8492953777313232], ['novels', 0.7320640087127686], ['published', 0.7239384651184082], ['novel', 0.7142058610916138]]",0.8557143807411194,"[['books', 0.8557143807411194], ['novels', 0.7320640087127686], ['published', 0.7239384651184082], ['novel', 0.7142058610916138], ['fiction', 0.7117491364479065]]",1,True,0.4976447820663452,0.5020594000816345
GloVe,plural,child,children,man,men,"[['man', 0.8613023161888123], ['others', 0.7683974504470825], ['one', 0.7668331861495972], ['people', 0.7569723129272461], ['who', 0.747267484664917]]",0.7437437772750854,"[['others', 0.7683974504470825], ['one', 0.7668331861495972], ['people', 0.7569723129272461], ['who', 0.747267484664917], ['men', 0.7437437772750854]]",5,True,0.468935489654541,0.5359245538711548
